month,source,items,shipped,shipping,ships,ship,bug,debug,site,feature,launch,code,user,data,server,fix,app,released,deploy,error,test,build,problem,plainly,quietly,survived,halves,asserted,nobody,genuinely,structurally,gating,smoke_test,re_derived,load_bearing,absolutely_right,failure_mode,push_back
2006-10,comment,12,0,0,0,0,0,0,0,0,0,0,0,0,0,0,0,0,0,0,0,0,0,0,0,0,0,0,0,0,0,0,0,0,0,0,0,0
2006-10,title,49,0,0,0,0,0,0,1,0,0,0,0,0,0,0,0,0,0,0,0,1,0,0,0,0,0,0,0,0,0,0,0,0,0,0,0,0
2006-12,title,1,0,0,0,0,0,0,0,0,0,0,0,0,0,0,0,0,0,0,0,0,0,0,0,0,0,0,0,0,0,0,0,0,0,0,0,0
2007-02,comment,985,0,0,0,0,13,1,92,31,4,33,38,13,14,4,10,4,0,1,8,21,36,0,0,0,0,0,6,3,0,0,0,0,0,0,0,0
2007-02,title,564,0,0,0,0,0,0,7,4,4,5,3,1,1,2,2,0,0,0,3,6,1,0,0,0,0,0,0,0,0,0,0,0,0,0,0,0
2007-03,comment,4521,1,2,2,4,15,1,250,60,52,69,133,83,30,19,55,12,2,9,34,109,214,0,0,2,1,0,26,9,0,0,0,0,0,1,0,0
2007-03,title,1784,0,0,0,0,1,0,30,8,16,10,16,12,4,2,12,3,0,2,5,17,7,0,1,1,0,0,0,0,0,0,0,0,0,0,0,0
2007-04,comment,8147,2,6,4,12,36,4,469,106,96,251,237,180,130,41,200,33,5,24,70,178,334,0,0,3,0,0,56,7,0,0,0,0,0,0,0,0
2007-04,title,2188,0,2,1,0,3,0,28,11,16,12,17,21,8,2,20,6,0,3,8,15,4,0,0,0,0,0,1,0,0,0,0,0,0,0,0,0
2007-05,comment,5446,3,4,3,4,24,3,389,67,41,175,158,107,92,30,85,13,4,15,55,120,195,1,0,0,0,0,45,5,0,1,0,0,0,2,0,1
2007-05,title,2070,0,0,0,0,0,0,33,7,13,9,16,19,7,2,16,5,2,0,10,11,6,0,0,0,0,0,3,0,0,0,0,0,0,0,0,0
2007-06,comment,4492,1,3,4,4,25,2,285,73,31,171,144,102,63,28,122,12,8,23,82,93,228,0,0,1,0,0,33,6,0,0,1,0,0,2,0,0
2007-06,title,1537,0,0,0,1,1,0,23,2,7,9,10,12,11,1,21,4,0,2,5,8,9,0,0,0,0,0,1,0,0,0,0,0,0,0,0,0
2007-07,comment,4658,2,5,4,5,21,1,211,47,32,163,156,131,68,27,134,15,2,12,38,100,185,4,0,1,0,0,39,11,0,0,0,0,0,3,0,0
2007-07,title,1748,0,1,0,0,4,0,34,8,9,14,10,9,5,3,34,1,1,2,3,10,3,0,0,0,0,0,3,0,0,0,0,0,0,0,0,0
2007-08,comment,8197,5,5,1,2,44,4,435,90,46,302,224,122,109,46,146,24,11,31,46,141,327,2,1,5,1,2,56,8,1,0,0,0,0,3,1,0
2007-08,title,2642,0,0,0,0,6,0,32,9,16,25,14,21,9,4,30,6,0,1,6,19,8,0,2,0,0,0,0,0,0,0,0,0,0,0,0,0
2007-09,comment,9795,1,8,5,11,31,3,423,107,61,365,219,273,117,43,168,30,9,27,102,171,441,1,1,4,4,0,73,9,2,3,0,0,0,7,1,1
2007-09,title,2572,0,1,0,0,9,0,16,7,13,18,15,14,1,2,29,8,0,2,5,11,11,0,1,0,0,0,1,0,0,0,0,0,0,0,0,0
2007-10,comment,10534,6,5,4,19,55,6,385,76,54,397,222,261,136,53,191,19,10,55,113,202,425,1,2,2,0,0,74,12,0,1,0,0,0,5,1,0
2007-10,title,2916,0,4,1,0,5,0,29,7,14,27,17,19,14,4,33,11,1,0,10,20,9,0,0,0,0,0,0,0,0,0,0,0,0,0,0,0
2007-11,comment,7691,4,7,2,9,35,5,279,106,33,377,158,202,107,44,175,25,8,33,78,136,344,2,2,1,0,0,47,6,0,0,0,0,0,2,0,0
2007-11,title,2497,0,1,2,0,6,0,19,5,11,17,15,21,7,5,22,8,0,3,4,13,9,0,0,0,0,0,0,0,0,0,0,0,0,0,0,0
2007-12,comment,6392,5,8,1,10,35,5,254,64,25,294,120,150,92,29,119,11,11,33,53,109,320,3,2,4,0,0,56,6,1,0,0,0,0,2,1,1
2007-12,title,2351,0,1,0,0,5,0,23,4,10,28,13,24,6,3,22,10,1,3,9,8,11,0,1,0,0,0,2,0,0,0,0,0,0,0,0,0
2008-01,comment,9940,4,13,3,9,57,8,394,96,22,505,196,248,154,76,159,30,8,45,87,156,410,1,1,4,0,2,72,9,1,0,0,0,0,2,1,0
2008-01,title,3448,0,1,0,2,8,0,27,6,15,30,16,33,12,2,25,11,0,7,17,15,16,0,0,0,0,0,1,1,0,0,0,0,0,0,0,0
2008-02,comment,14406,7,17,1,26,60,13,646,133,87,621,315,312,204,66,253,40,12,75,138,238,628,1,5,6,4,1,106,13,1,0,0,0,0,3,0,0
2008-02,title,4323,0,0,2,1,5,1,40,13,23,41,22,39,20,6,27,20,4,2,15,13,6,0,1,0,0,0,1,0,0,0,0,0,0,0,0,0
2008-03,comment,19486,9,15,13,34,95,12,777,176,88,755,460,422,241,120,282,47,22,86,163,320,894,2,10,7,1,1,134,14,1,0,0,0,0,7,2,1
2008-03,title,5358,1,1,0,2,9,0,35,12,24,50,23,53,20,6,30,25,1,2,26,18,19,0,1,0,0,0,1,0,0,0,0,0,0,0,0,0
2008-04,comment,20516,12,20,9,47,100,20,886,202,131,888,446,576,264,126,439,45,32,73,177,422,972,0,5,10,0,0,128,30,5,0,0,0,0,10,1,3
2008-04,title,5669,1,1,4,3,7,1,59,7,18,42,24,70,27,6,95,29,1,2,12,19,27,0,2,1,0,0,2,0,0,0,0,0,0,0,0,0
2008-05,comment,21459,16,38,9,36,96,13,860,222,96,984,429,500,275,142,335,54,23,81,228,402,1066,6,9,7,1,4,154,24,0,2,1,0,0,11,2,3
2008-05,title,6014,2,4,1,0,11,2,55,11,16,47,27,74,24,15,61,19,4,2,13,29,32,0,0,1,0,0,5,0,0,0,0,0,0,0,0,0
2008-06,comment,20678,13,28,14,46,104,17,745,268,70,1069,503,546,309,133,372,46,17,114,245,367,951,4,11,9,2,2,142,21,3,0,1,0,0,8,1,2
2008-06,title,6204,0,0,3,3,7,0,56,11,21,43,28,84,27,12,69,28,2,7,21,24,24,0,3,0,0,0,1,0,0,0,0,0,0,0,0,0
2008-07,comment,23782,12,35,11,51,113,25,915,231,111,1130,583,603,245,180,481,70,18,109,245,474,1133,5,8,8,1,4,172,26,0,0,0,0,0,9,2,0
2008-07,title,7151,0,3,3,4,16,2,59,10,30,75,30,76,23,13,96,22,1,5,23,26,26,0,1,0,0,0,2,0,0,0,0,0,0,0,0,0
2008-08,comment,21324,17,23,10,38,88,14,1006,245,106,912,487,554,260,150,509,45,15,101,192,349,959,1,14,6,0,3,138,26,0,1,0,0,0,10,1,1
2008-08,title,6583,1,6,1,3,9,2,62,7,20,45,29,58,28,17,86,20,1,5,18,24,17,0,3,0,0,0,3,0,0,0,0,0,0,0,0,0
2008-09,comment,21628,17,19,17,47,71,23,754,224,106,878,466,471,232,125,464,75,42,111,241,346,914,4,11,9,1,7,143,24,1,0,0,0,0,8,1,4
2008-09,title,6915,0,3,3,6,8,2,53,10,19,44,30,51,23,6,68,24,2,3,33,23,28,0,1,1,0,0,0,1,0,0,0,0,0,0,0,0
2008-10,comment,22482,8,20,7,47,81,13,754,210,79,859,451,528,301,159,434,83,21,82,200,387,941,4,4,13,2,1,146,17,1,1,2,1,0,5,1,0
2008-10,title,7395,0,5,0,2,10,1,44,9,30,51,40,73,29,11,71,42,1,5,20,39,18,0,1,0,0,0,3,0,0,0,0,0,0,0,0,0
2008-11,comment,24231,13,35,11,55,108,10,909,214,74,890,454,661,258,177,411,69,35,107,230,390,1041,7,5,9,1,2,148,35,1,1,1,0,0,8,5,3
2008-11,title,6472,0,2,0,2,9,0,66,13,14,46,23,72,15,7,71,25,4,5,18,26,27,0,0,0,0,0,1,0,0,0,0,0,0,0,0,0
2008-12,comment,27990,25,49,15,60,131,48,975,266,97,1260,577,690,300,174,637,85,29,106,279,432,1193,5,16,14,0,4,232,44,3,0,0,0,0,11,3,0
2008-12,title,6742,1,2,0,8,8,1,49,8,13,42,30,50,20,7,100,35,2,4,27,28,29,0,2,0,0,0,1,0,0,0,0,0,0,0,0,0
2009-01,comment,36142,41,48,17,83,151,28,1335,352,141,1543,799,987,453,226,664,97,35,160,365,584,1600,6,19,15,0,4,227,43,3,0,0,0,2,17,2,3
2009-01,title,8014,0,1,3,1,20,0,79,9,19,62,39,60,27,13,95,24,0,6,30,28,37,0,4,2,0,0,4,0,0,0,0,0,0,0,0,0
2009-02,comment,30477,27,36,13,59,151,17,1511,415,115,1377,759,951,386,226,499,103,44,116,414,510,1539,3,9,21,3,0,238,26,2,0,1,0,0,10,0,3
2009-02,title,7752,0,3,1,5,5,0,63,24,26,58,37,85,22,8,98,40,1,3,22,43,31,0,6,0,0,0,4,0,0,0,0,0,0,0,0,0
2009-03,comment,33311,27,47,18,52,154,20,1373,382,123,1530,846,1030,462,237,685,127,36,159,404,565,1524,12,12,21,7,1,247,44,2,1,0,0,3,19,2,5
2009-03,title,8858,1,3,0,1,12,2,65,12,36,66,36,78,40,17,123,27,6,5,29,32,34,0,2,1,0,0,0,0,0,0,0,0,0,0,0,0
2009-04,comment,37704,35,32,42,98,166,47,1333,345,137,1794,838,1075,474,238,680,126,29,163,371,571,1805,8,21,20,3,4,291,52,1,1,1,1,0,19,8,3
2009-04,title,8671,2,1,0,3,8,1,65,10,25,67,30,100,46,8,156,35,3,6,27,40,30,0,2,1,0,0,4,0,0,0,0,0,0,0,0,0
2009-05,comment,38344,22,33,21,76,164,52,1214,382,149,1810,864,1183,468,254,790,135,32,178,359,630,1746,10,18,14,0,6,248,66,2,0,0,0,1,23,1,1
2009-05,title,8879,0,3,1,12,15,1,68,7,43,66,26,108,44,12,148,21,2,4,25,38,26,0,3,1,2,0,2,0,0,0,0,0,0,0,0,0
2009-06,comment,37589,29,45,26,67,163,30,1337,413,148,1654,818,1088,483,277,743,111,50,185,406,586,1735,11,14,27,4,4,270,53,3,0,0,0,1,15,6,5
2009-06,title,8850,0,2,1,5,10,3,62,17,27,72,23,74,38,11,134,43,2,6,34,38,46,0,0,1,0,0,4,0,0,0,0,0,0,0,0,0
2009-07,comment,43598,35,69,26,98,200,25,1386,462,172,2226,971,1300,558,350,929,162,39,210,461,725,1938,12,22,24,0,8,327,51,4,1,0,0,1,23,3,8
2009-07,title,10023,0,4,2,2,14,2,61,21,31,118,38,99,42,11,160,44,1,5,26,36,26,0,4,0,0,0,3,0,0,0,0,0,0,0,1,0
2009-08,comment,50259,31,67,26,95,243,55,1588,490,151,2435,1064,1391,577,350,1152,154,25,257,483,775,2373,10,24,24,3,6,354,64,7,0,0,0,1,19,6,4
2009-08,title,10832,0,10,1,4,15,3,69,10,34,96,25,109,26,15,172,29,1,3,45,44,30,0,4,0,0,0,4,0,0,0,0,0,0,0,0,0
2009-09,comment,46273,49,80,28,106,223,52,1453,539,166,2567,1005,1461,669,343,1001,149,72,219,596,705,2213,11,27,18,5,8,338,58,6,0,1,0,3,10,11,4
2009-09,title,10623,0,2,1,4,15,6,73,16,33,87,39,147,53,20,149,31,1,9,38,39,36,0,1,0,0,0,2,0,0,0,0,0,0,0,0,0
2009-10,comment,48973,48,76,34,114,293,50,1459,607,181,2516,1022,1490,693,358,1148,157,73,253,516,700,2400,6,18,18,2,1,338,74,7,2,1,0,1,19,6,4
2009-10,title,11080,0,6,1,2,21,1,75,25,39,87,49,158,44,9,161,32,3,7,34,45,46,0,1,0,0,0,0,0,0,0,0,0,0,0,0,0
2009-11,comment,43266,19,100,26,100,254,41,1468,471,175,2367,954,1747,571,314,1124,172,42,276,562,677,2113,17,26,18,5,5,323,63,4,1,1,0,1,12,8,5
2009-11,title,10821,0,9,4,1,12,2,73,21,35,92,33,153,48,12,140,44,1,9,48,38,36,0,0,1,0,0,0,1,0,0,0,0,0,0,0,0
2009-12,comment,45149,38,127,37,170,188,39,1334,484,195,2416,880,1650,646,292,713,171,41,195,505,684,2248,8,29,17,0,9,315,55,4,1,0,0,0,23,10,5
2009-12,title,10962,0,1,1,3,16,2,71,17,36,85,35,162,38,4,142,48,4,7,38,38,31,0,0,0,1,0,6,0,0,0,0,0,0,0,0,0
2010-01,comment,53308,36,101,50,122,313,66,1720,534,208,2521,1248,1663,598,381,1370,221,44,249,532,818,2495,12,20,23,4,9,399,81,9,2,0,0,0,26,3,6
2010-01,title,12698,0,9,4,3,22,0,65,21,43,95,56,127,41,19,202,43,3,10,29,38,43,0,6,0,0,0,4,1,0,0,0,0,0,0,0,0
2010-02,comment,53206,45,77,45,128,313,43,1798,524,168,2412,1144,1497,690,394,1161,215,55,316,574,849,2445,15,17,23,2,11,421,77,5,3,0,0,2,31,6,8
2010-02,title,13071,0,7,3,6,16,3,78,24,34,107,60,141,51,21,206,48,4,13,37,48,51,0,1,1,0,0,7,0,0,0,0,0,0,0,0,0
2010-03,comment,61276,65,128,45,140,255,62,2059,589,213,2574,1270,1848,663,459,1501,250,58,332,659,923,2852,10,16,32,4,9,443,93,3,1,0,0,0,26,4,7
2010-03,title,14025,3,11,3,10,17,3,78,19,41,103,57,145,42,15,246,46,1,6,48,50,44,0,1,2,0,0,2,0,0,0,0,0,0,0,1,2
2010-04,comment,62242,70,123,64,167,288,40,1543,686,250,2696,1387,1658,681,389,2381,349,68,267,569,903,2443,15,31,29,2,10,513,79,8,2,1,0,0,18,6,8
2010-04,title,14060,1,15,3,6,13,1,67,30,35,90,46,149,49,14,223,70,0,5,30,50,49,0,5,0,2,0,4,0,0,0,0,0,0,0,0,0
2010-05,comment,68980,77,138,54,171,342,47,1971,735,255,3122,1652,2173,792,532,1800,298,74,378,701,994,3124,14,27,30,4,13,544,102,6,0,0,0,0,43,12,5
2010-05,title,14940,2,3,4,5,23,1,106,20,55,132,43,199,55,19,211,73,5,8,60,65,55,0,3,0,0,0,9,0,0,0,0,0,0,0,0,0
2010-06,comment,68291,85,163,61,212,284,56,1882,810,276,2988,1503,2086,937,492,1888,286,86,353,716,1149,3164,15,34,25,10,11,546,124,1,0,0,0,1,37,10,6
2010-06,title,14315,1,8,4,11,14,5,95,24,40,102,59,212,53,25,201,54,2,13,61,50,43,0,5,1,0,0,4,0,0,0,0,0,0,0,0,1
2010-07,comment,72817,90,205,56,183,330,75,2161,831,346,3976,1529,2221,938,601,1718,315,113,389,773,1224,3689,18,30,28,7,8,569,106,4,2,0,0,0,25,5,6
2010-07,title,14899,2,14,5,11,14,4,118,24,26,108,70,181,63,27,211,61,7,20,81,72,55,0,2,1,1,0,3,0,0,0,0,0,0,0,0,0
2010-08,comment,70974,74,126,51,188,300,45,2077,787,281,3361,1476,2064,814,442,1750,275,90,336,664,1342,3481,10,31,42,5,13,602,132,9,0,3,0,2,30,9,11
2010-08,title,15746,2,8,4,2,25,1,78,34,48,103,59,180,52,28,220,66,4,9,64,59,56,0,2,1,1,0,7,0,1,0,0,0,0,0,0,0
2010-09,comment,77354,79,112,63,209,471,77,2423,863,294,3505,1947,2274,1188,630,2044,316,72,401,880,1422,3507,14,40,39,2,8,620,145,6,1,0,0,0,28,0,6
2010-09,title,16572,1,14,5,7,22,2,130,30,51,141,64,156,45,26,292,56,8,12,67,81,43,0,5,2,0,0,8,0,0,0,0,0,0,0,0,0
2010-10,comment,90515,110,197,85,279,427,85,2954,1046,485,4511,2259,2662,1380,744,2803,340,158,438,1031,1704,4095,16,29,36,4,11,666,152,10,4,2,0,2,30,12,12
2010-10,title,18451,3,18,5,6,22,0,112,26,53,156,57,191,66,28,372,78,10,9,45,73,64,0,3,1,0,0,6,0,0,0,0,0,0,0,0,0
2010-11,comment,82347,63,154,38,215,343,74,2470,801,367,4037,1751,2574,1092,557,1993,342,103,406,1123,1348,3690,14,39,27,7,16,635,118,3,0,2,0,0,31,10,15
2010-11,title,18786,2,25,1,10,21,2,119,14,73,148,69,232,83,20,334,83,4,10,60,90,51,0,3,1,0,0,8,0,0,0,0,0,0,0,0,0
2010-12,comment,81128,99,176,48,249,337,62,2493,788,364,3836,1632,2174,1109,598,1973,378,97,365,870,1308,3293,10,31,31,3,10,565,141,12,1,3,0,0,24,12,10
2010-12,title,19348,5,25,4,14,23,6,123,32,76,143,65,219,65,13,345,59,5,17,73,66,64,0,6,0,1,0,2,0,0,0,0,0,0,0,0,0
2011-01,comment,85886,112,180,56,258,458,78,3010,932,341,4214,2147,2679,1013,665,2486,343,103,399,906,1401,3690,24,39,28,3,14,579,136,6,0,0,0,2,39,8,11
2011-01,title,20489,7,7,5,9,53,3,120,37,82,185,89,243,70,36,492,80,4,10,58,90,51,0,3,2,1,0,13,0,0,1,0,0,0,0,0,0
2011-02,comment,88930,105,211,59,285,448,71,3268,1027,448,4377,2372,2963,1188,627,3047,346,109,415,982,1490,3969,20,34,25,3,23,703,151,7,3,0,0,0,34,3,9
2011-02,title,20125,0,9,5,27,30,0,151,37,121,140,67,257,72,24,358,93,7,6,51,84,45,0,2,2,2,0,6,0,0,0,0,0,0,0,0,0
2011-03,comment,95801,106,277,90,303,484,93,2907,1032,519,4594,2332,2693,1345,661,3184,473,133,500,920,1868,4062,18,34,52,8,17,674,150,5,2,1,0,1,41,17,8
2011-03,title,24208,1,26,2,19,29,6,164,33,112,200,89,298,81,35,475,116,6,25,77,112,64,0,7,2,0,0,9,0,0,0,0,0,0,0,0,0
2011-04,comment,85096,73,171,47,233,391,82,2550,959,366,4152,2090,2865,1256,679,2427,345,119,414,842,1443,3889,22,38,35,7,15,591,143,3,0,0,0,1,41,29,11
2011-04,title,21957,4,14,4,13,26,0,147,33,71,151,97,362,94,38,411,110,5,11,57,120,83,0,4,6,1,1,4,0,0,0,0,0,0,0,0,0
2011-05,comment,80789,60,139,34,184,415,72,2155,826,331,4065,1953,2693,1174,577,2225,328,94,440,776,1431,3559,17,40,24,6,9,653,155,6,5,1,0,1,36,17,11
2011-05,title,22187,1,16,6,4,24,1,138,28,75,196,75,305,84,28,374,107,7,20,60,110,67,0,8,3,0,0,10,0,0,1,0,0,0,0,0,0
2011-06,comment,87196,109,170,82,253,426,63,2261,1104,326,4282,2341,2767,1302,648,2480,424,121,408,799,1491,3902,12,37,28,8,7,674,121,6,1,1,1,0,42,14,6
2011-06,title,23269,2,23,5,4,12,3,153,34,77,178,101,276,99,35,384,93,6,12,68,121,54,0,3,3,1,0,2,0,0,0,0,0,0,0,0,0
2011-07,comment,89178,82,208,37,264,471,62,2518,1146,456,4328,2299,2842,1090,701,2368,368,104,422,954,1389,4216,20,38,23,7,18,715,146,7,1,0,1,2,26,8,14
2011-07,title,24072,2,50,7,7,31,0,168,48,99,183,107,336,98,33,403,131,12,15,89,97,73,0,4,1,0,0,8,0,0,0,0,0,0,0,1,0
2011-08,comment,89781,124,175,84,275,471,94,2475,998,443,4822,2120,2725,1286,715,2293,368,109,545,940,1506,4092,23,49,35,4,18,639,149,11,1,5,1,1,37,12,10
2011-08,title,27798,2,39,8,12,41,2,168,48,108,221,84,266,85,45,401,134,3,27,85,120,64,0,9,0,0,0,5,0,0,1,0,0,0,0,0,0
2011-09,comment,80624,102,197,70,258,464,68,2397,1075,434,4464,2116,2742,1145,621,2396,387,101,482,876,1442,3639,16,38,32,6,15,552,127,9,0,1,1,1,32,12,13
2011-09,title,29954,3,26,2,19,36,3,163,47,114,194,81,254,83,53,413,116,9,25,86,126,84,0,7,2,0,0,5,2,0,0,0,0,0,0,0,0
2011-10,comment,89798,115,167,64,251,422,114,2098,1110,440,4749,2202,2774,1171,717,2429,464,112,457,907,1548,4151,25,45,38,6,15,806,145,8,6,2,0,0,36,8,8
2011-10,title,30489,3,26,2,7,32,5,161,43,125,187,92,321,90,44,380,111,7,23,86,123,75,0,5,1,0,0,8,0,0,1,0,0,0,0,0,1
2011-11,comment,85366,99,180,49,248,490,94,2296,1000,372,4622,2185,2949,1151,742,2945,377,93,547,877,1510,4284,19,34,33,3,10,693,139,6,0,1,0,0,37,19,16
2011-11,title,32159,3,34,3,14,43,7,147,46,106,220,84,290,94,58,478,125,7,27,114,178,91,1,8,1,0,0,5,0,0,0,0,0,0,0,0,0
2011-12,comment,86468,83,197,110,275,498,111,2196,980,333,4823,2015,2719,1125,732,2174,363,109,501,931,1536,4330,26,43,32,4,14,722,146,10,1,4,0,3,38,7,21
2011-12,title,27787,1,35,3,8,28,3,124,34,68,204,98,307,63,39,430,104,9,21,76,123,69,0,9,0,0,0,8,0,0,0,0,0,0,0,0,0
2012-01,comment,93520,89,180,52,205,395,93,3106,1036,378,5289,2296,3077,1362,694,2274,348,99,530,906,1640,4711,30,26,39,6,5,753,168,13,1,0,1,0,43,8,29
2012-01,title,29297,1,21,2,16,25,8,175,39,104,278,102,387,88,31,443,103,9,16,76,128,97,0,6,1,1,0,7,0,1,1,0,0,0,0,0,1
2012-02,comment,86880,117,243,76,271,466,113,2478,1144,398,4905,2410,3279,1620,758,2785,383,130,534,955,1720,4440,30,36,33,7,21,652,148,8,1,1,1,1,38,12,14
2012-02,title,27102,2,23,5,17,33,2,125,35,95,226,119,374,107,61,496,121,11,19,81,130,83,0,6,0,0,0,15,0,0,1,1,0,0,0,0,0
2012-03,comment,99447,128,182,82,309,649,125,2669,1092,429,5451,2554,3303,1411,893,3092,462,138,514,1216,1828,4924,23,52,41,4,14,832,170,5,1,3,0,1,31,8,26
2012-03,title,31406,2,32,7,12,49,7,149,53,135,296,124,430,128,45,552,165,17,13,101,131,94,0,7,2,3,0,8,0,0,0,0,0,0,0,0,0
2012-04,comment,99687,124,204,149,378,531,153,2658,1145,528,5904,2479,3708,1646,849,3003,447,137,581,1043,1995,4675,16,39,32,5,20,803,159,3,3,3,0,1,44,10,8
2012-04,title,30109,2,32,7,19,22,4,154,33,135,301,107,389,98,56,500,136,17,26,96,155,116,0,9,5,0,0,10,0,0,0,0,0,0,0,0,0
2012-05,comment,107422,120,186,98,325,534,137,2813,1239,541,5976,2730,3702,1453,896,3277,456,145,693,1055,1944,5005,21,56,34,7,15,861,226,11,3,1,2,5,41,16,14
2012-05,title,31190,1,25,2,17,43,5,142,58,144,278,110,441,113,51,602,134,15,26,105,164,102,0,10,1,0,0,7,0,0,0,0,0,0,0,0,0
2012-06,comment,104626,145,237,69,288,596,101,2804,1303,431,5375,2807,3650,1504,826,3628,533,185,724,1168,2005,4749,26,60,27,5,9,898,207,6,1,0,1,0,48,21,8
2012-06,title,27025,0,31,8,14,28,5,161,47,121,246,104,343,95,40,532,125,19,20,85,155,94,0,18,0,2,0,12,0,0,0,0,0,0,0,0,0
2012-07,comment,107977,154,253,90,339,689,116,2786,1318,422,5406,3078,3854,1545,901,3713,455,191,591,1146,1958,5228,25,48,38,6,20,787,209,12,1,4,0,0,32,13,11
2012-07,title,28798,3,36,3,11,47,6,110,81,104,266,94,321,90,64,543,113,13,27,75,156,97,0,8,2,1,0,11,1,0,0,0,0,0,0,0,0
2012-08,comment,115311,140,255,83,346,514,88,3042,1412,593,5581,2964,3795,1407,868,4262,517,115,647,1154,2171,5439,23,48,39,6,25,955,208,13,2,1,0,3,44,25,15
2012-08,title,26232,4,20,5,18,37,7,129,44,97,218,85,354,78,45,658,129,12,17,88,155,97,0,11,2,1,0,9,0,0,0,0,0,0,0,0,0
2012-09,comment,109474,172,294,101,420,632,138,2847,1373,560,5567,3027,4172,1413,991,4475,653,146,848,1175,2046,5232,31,33,35,8,13,880,196,7,2,3,0,0,48,32,17
2012-09,title,22922,2,8,6,14,38,3,103,34,114,219,74,325,78,38,546,107,8,21,87,130,87,0,2,2,0,0,9,0,1,0,0,0,0,1,0,0
2012-10,comment,106023,135,258,77,300,542,82,2752,1241,606,4965,2622,3598,1445,791,3146,492,161,623,1339,1778,4622,30,43,55,14,18,720,175,6,5,0,0,0,41,34,16
2012-10,title,24631,2,13,2,14,37,2,126,41,108,230,97,363,109,50,571,135,10,26,84,145,94,0,5,2,0,1,10,0,0,0,0,0,0,0,0,0
2012-11,comment,105689,171,333,111,373,539,112,2467,1265,522,4889,2474,3543,1426,870,2883,440,163,598,1125,1953,4913,30,38,50,10,12,892,185,8,5,1,0,0,44,21,15
2012-11,title,24534,5,14,9,9,36,11,121,36,95,245,117,408,88,34,499,124,9,18,87,130,83,0,6,4,1,0,6,1,0,0,0,0,0,0,1,1
2012-12,comment,110730,155,301,74,361,596,118,2932,1306,396,5655,2814,3906,1520,989,3452,474,122,707,1170,2034,5240,45,37,49,11,15,889,199,10,3,1,1,2,43,20,16
2012-12,title,23920,2,20,6,14,31,1,139,47,90,239,111,345,78,48,539,129,15,24,105,131,60,0,6,3,0,0,8,0,0,0,0,0,0,0,0,0
2013-01,comment,128731,145,274,87,338,752,143,3084,1326,460,6938,2889,4158,1801,1125,3334,571,194,794,1302,2152,5920,37,50,60,10,16,1111,241,10,5,2,0,0,53,28,19
2013-01,title,27719,2,15,5,17,41,4,148,51,114,256,116,435,102,52,576,114,10,26,89,158,83,0,6,5,0,0,8,0,0,0,0,0,0,0,0,0
2013-02,comment,126279,133,265,93,342,793,154,3170,1257,383,6610,2801,4186,1983,1048,3294,531,253,775,1544,2111,6086,35,44,45,11,30,1041,234,8,3,5,1,0,46,16,16
2013-02,title,26773,3,8,5,16,53,4,129,41,82,290,113,431,104,50,596,150,20,26,141,145,85,0,4,0,0,1,12,0,0,0,1,0,0,0,2,0
2013-03,comment,139814,156,307,87,398,739,190,3264,1499,637,7637,3192,4379,2400,1148,3429,581,236,821,1475,2362,6642,41,57,55,13,29,1248,272,13,6,1,0,2,54,30,25
2013-03,title,28505,7,26,7,14,41,12,168,40,103,279,129,482,117,45,597,155,12,22,90,202,113,0,4,4,0,0,9,0,1,1,0,0,0,0,0,0
2013-04,comment,136165,120,236,110,399,607,139,2940,1315,474,6621,2777,4742,1815,1054,3377,561,194,792,1405,2353,6361,33,58,57,15,12,1136,245,9,2,0,0,0,49,24,20
2013-04,title,28025,4,15,8,16,39,10,151,44,93,265,89,453,95,33,579,140,17,20,110,158,92,0,8,3,2,0,11,0,0,0,0,0,0,0,0,0
2013-05,comment,137663,128,231,78,333,770,138,2982,1517,501,6689,3046,4421,1957,1139,3347,509,171,728,1371,2450,6354,47,50,53,5,24,1182,271,15,1,1,0,0,55,25,27
2013-05,title,27883,4,17,4,14,53,4,99,47,73,285,92,493,105,30,562,136,15,16,95,179,98,0,2,0,0,0,15,0,0,0,0,0,0,0,0,0
2013-06,comment,137284,116,252,87,379,625,107,2543,1217,386,5286,2780,6826,1891,904,2745,619,226,557,1065,2145,5568,54,78,46,10,28,1217,238,22,7,1,0,1,56,22,51
2013-06,title,27621,0,11,5,14,46,5,85,56,73,264,107,656,137,35,475,128,12,15,79,157,99,0,2,2,0,0,16,0,0,0,0,0,0,0,0,1
2013-07,comment,141863,138,258,122,375,680,136,3002,1480,450,6793,2997,5564,2379,1023,3106,667,226,827,1322,2191,6114,45,65,65,8,24,1224,255,14,3,0,0,1,45,33,26
2013-07,title,27295,2,12,9,13,50,8,118,40,84,265,96,568,100,33,529,151,16,16,94,168,99,0,8,0,0,0,11,0,0,0,0,0,0,0,0,0
2013-08,comment,143434,156,290,131,424,802,168,2758,1385,450,7198,2941,5104,2084,1152,2929,595,197,826,1651,2603,6399,40,70,54,8,28,1227,267,10,3,1,2,2,45,33,16
2013-08,title,27048,4,13,9,11,54,7,129,66,79,252,110,436,96,35,538,114,10,30,97,160,86,0,3,1,0,0,13,0,0,0,0,0,0,0,0,0
2013-09,comment,138186,164,250,129,399,636,151,2520,1436,452,6877,2779,5293,1877,1050,3320,618,196,734,1461,2401,6498,25,64,54,8,26,1206,231,11,8,0,0,3,55,24,19
2013-09,title,26112,3,7,13,25,62,9,108,45,117,214,82,475,113,42,482,114,7,21,96,149,86,0,9,2,0,0,11,1,0,0,2,0,0,0,0,0
2013-10,comment,148426,174,336,114,427,753,138,3190,1516,525,7236,3285,5423,2229,1138,3238,622,249,769,1477,2682,6778,37,61,47,3,25,1234,228,16,5,1,0,0,41,25,21
2013-10,title,28366,2,18,7,14,63,6,154,27,105,313,104,561,96,68,521,126,15,18,87,158,100,0,8,1,1,1,8,2,0,0,0,0,0,0,0,0
2013-11,comment,145788,204,362,168,471,708,147,3077,1402,542,7004,3005,5238,1992,1093,3118,520,214,735,1466,2469,6358,48,63,57,16,18,1161,288,8,1,2,0,1,41,33,22
2013-11,title,27994,1,15,14,12,42,5,133,32,90,282,104,474,102,73,507,140,20,14,98,156,98,0,7,3,0,0,10,0,0,0,0,0,0,0,0,0
2013-12,comment,141565,150,300,119,362,688,163,2681,1314,425,7323,2505,4963,1596,1073,2709,585,176,736,1274,2360,6672,50,63,63,10,23,1270,269,13,4,5,0,0,47,28,28
2013-12,title,25925,3,22,6,14,31,4,120,30,68,311,91,515,87,34,472,154,14,25,74,132,82,0,6,3,0,0,10,0,0,0,0,0,0,0,1,1
2014-01,comment,138170,129,280,116,369,659,145,2785,1476,376,7076,2779,5046,1839,1039,3148,539,155,766,1264,2442,6358,27,49,64,19,25,1169,248,19,5,2,0,3,45,34,34
2014-01,title,27625,3,11,3,25,49,6,108,35,78,278,97,530,102,39,512,116,11,26,98,163,86,0,7,2,1,0,13,1,0,0,0,0,0,0,1,0
2014-02,comment,135275,150,266,192,476,950,134,2631,1425,457,7179,2868,4357,1859,1212,3730,543,200,886,1312,2434,6220,37,48,59,13,24,1150,224,16,3,0,0,0,42,27,31
2014-02,title,26418,1,7,8,11,64,4,112,44,80,282,118,466,90,45,582,128,16,17,86,147,90,0,8,2,0,0,7,0,0,1,0,0,0,0,0,0
2014-03,comment,152860,164,373,122,402,897,176,2862,1513,429,7713,3025,5551,1854,1302,3302,588,228,834,1685,2714,7279,48,73,65,10,18,1359,251,15,5,4,1,1,44,32,33
2014-03,title,29447,4,7,14,20,42,9,118,46,82,293,110,546,101,40,578,133,17,26,82,166,95,2,3,0,1,0,10,0,0,0,0,0,0,0,0,0
2014-04,comment,143826,155,248,89,396,1435,216,2965,1698,538,8970,3305,5261,2311,1271,3486,548,284,949,1804,2733,6720,35,55,53,10,24,1147,250,16,2,5,0,0,49,16,27
2014-04,title,27430,1,14,7,13,175,15,116,43,79,303,102,470,96,51,547,140,26,20,111,193,97,0,6,4,0,0,13,0,1,0,1,0,0,0,0,1
2014-05,comment,123803,184,271,141,409,671,158,2897,1456,427,6961,3041,5178,1921,1135,3005,471,265,835,1379,2417,5944,27,54,72,9,19,996,215,10,6,1,1,1,37,46,14
2014-05,title,25829,3,7,5,9,48,1,103,43,64,262,97,508,81,39,478,129,23,28,89,155,85,0,3,1,2,0,14,0,0,0,0,0,0,0,0,0
2014-06,comment,115647,128,241,111,380,586,150,2507,1313,341,6280,2582,4631,1670,880,2969,456,205,807,1454,2167,5387,23,59,47,7,17,845,202,17,2,1,0,1,38,32,24
2014-06,title,24134,2,5,5,12,45,5,82,33,63,265,94,456,100,28,514,111,8,22,135,122,85,0,7,0,0,0,10,0,1,0,0,0,0,0,0,0
2014-07,comment,122871,131,248,96,376,654,124,2702,1195,448,6218,2463,4912,1605,930,3276,461,211,736,1318,2459,5423,30,49,57,13,17,967,198,14,6,1,2,0,40,25,46
2014-07,title,25508,5,15,6,25,41,8,108,35,75,246,97,494,84,45,557,99,14,22,121,170,83,0,6,2,1,0,9,2,0,0,0,0,0,0,0,1
2014-08,comment,109092,114,235,91,337,587,119,1973,1196,380,5688,2206,4206,1386,875,2750,396,191,704,1151,2111,5030,18,52,54,5,21,867,181,9,6,1,1,1,51,19,21
2014-08,title,23664,4,7,6,11,31,4,82,43,73,238,97,434,91,43,595,113,17,19,91,163,76,0,2,3,0,0,8,0,0,2,0,0,0,0,0,1
2014-09,comment,115758,142,239,94,321,727,168,2053,1337,445,5807,2582,4622,1822,989,2793,585,189,697,1326,2094,5056,22,41,65,11,25,927,167,19,4,4,0,1,49,34,21
2014-09,title,25014,1,17,6,13,80,7,118,45,75,243,64,469,95,49,540,119,22,17,128,180,68,0,4,1,1,0,7,0,0,0,0,0,0,0,0,0
2014-10,comment,122961,144,262,127,384,722,152,2262,1424,462,6134,2976,4983,1853,914,3120,495,205,833,1295,2334,5698,39,54,58,16,15,1006,232,15,4,0,1,1,45,34,24
2014-10,title,26211,0,16,4,15,43,5,128,30,64,250,96,513,93,48,590,124,19,32,128,198,93,0,11,1,0,0,13,0,2,0,0,0,0,0,0,0
2014-11,comment,112600,124,216,113,319,666,167,2066,1241,389,6781,2530,4406,1956,1005,2632,457,211,760,1093,2301,5210,17,64,64,11,18,948,191,16,3,0,0,2,42,33,20
2014-11,title,24041,2,4,10,13,46,5,93,27,80,243,85,462,80,39,495,123,12,19,91,163,65,0,4,3,0,0,14,0,1,0,0,0,0,0,0,1
2014-12,comment,117965,156,211,108,345,679,191,2098,1175,503,7185,2294,4506,1554,935,2422,496,203,795,1423,2390,5634,39,52,55,19,13,1078,209,16,4,4,1,3,32,44,17
2014-12,title,24416,2,16,1,13,25,6,127,31,70,260,69,507,90,41,487,116,12,12,84,185,101,0,8,0,0,0,12,0,0,0,0,0,0,0,1,0
2015-01,comment,127789,143,276,118,419,851,184,2379,1375,397,6910,2637,4748,1830,1131,2846,500,217,870,1277,2396,6018,36,50,65,12,20,1214,233,10,3,2,0,3,49,43,19
2015-01,title,27120,3,7,6,32,62,5,86,35,94,283,78,516,119,51,492,96,7,12,102,196,81,0,5,0,0,0,18,0,0,0,0,0,0,0,0,0
2015-02,comment,119611,154,259,111,403,755,183,2171,1259,394,6592,2686,5067,1674,1039,2709,520,218,822,1319,2473,6007,37,60,77,10,16,1056,218,28,2,1,0,2,53,43,30
2015-02,title,25862,2,16,6,23,51,7,81,41,67,322,78,527,91,39,493,126,12,27,92,192,85,0,2,2,0,0,13,0,0,0,0,0,0,0,0,0
2015-03,comment,144085,175,272,106,391,865,154,2434,1352,428,8057,2924,5192,2125,1184,2925,509,264,893,1588,2891,6916,38,62,49,15,24,1247,303,24,2,2,0,3,46,46,35
2015-03,title,29664,2,20,5,10,47,6,120,39,86,333,105,562,128,44,565,138,15,31,119,233,91,0,16,3,1,0,12,1,0,0,0,0,0,0,0,0
2015-04,comment,137597,158,230,109,430,753,201,2208,1463,469,7550,2734,5077,2122,1150,2845,633,268,827,1327,2757,6446,28,71,61,10,21,1255,240,11,3,0,1,0,53,47,21
2015-04,title,29088,1,13,6,23,63,10,122,45,105,348,94,558,100,63,497,161,14,20,127,184,114,0,12,4,0,1,15,1,0,0,0,0,0,0,0,0
2015-05,comment,138421,154,304,149,420,768,178,2422,1428,367,7673,2647,5279,1983,1123,2736,504,266,984,1517,2809,6376,41,54,74,11,25,1284,258,17,2,0,2,9,53,48,29
2015-05,title,27998,2,10,12,12,77,7,97,34,77,328,119,610,114,45,539,135,15,21,160,196,89,0,11,2,0,0,12,1,0,0,0,0,0,0,1,0
2015-06,comment,143445,160,262,104,430,800,219,2351,1624,455,8364,2852,5485,1836,1173,3149,591,310,956,1684,2873,6851,38,65,84,13,28,1332,283,15,2,3,0,0,43,47,26
2015-06,title,27941,7,10,7,16,52,10,91,43,104,354,111,589,106,42,578,136,23,18,139,197,96,0,5,5,0,0,14,0,0,0,1,0,0,0,0,0
2015-07,comment,145668,176,330,146,511,864,186,3006,1479,426,7723,3374,5479,2034,1206,2968,583,324,850,1700,2969,6962,46,73,80,13,27,1351,265,16,5,4,0,4,42,40,27
2015-07,title,29315,6,11,4,22,63,9,115,50,85,351,118,606,110,61,547,144,14,28,155,212,123,0,10,2,0,0,11,0,0,0,0,0,0,0,0,2
2015-08,comment,136360,163,305,116,446,772,161,2340,1392,328,7068,2947,5321,1754,1151,2723,502,247,772,1526,2613,6162,27,60,66,14,18,1170,254,14,7,3,0,1,42,29,40
2015-08,title,27639,2,14,5,16,39,9,114,35,75,318,112,530,129,46,508,146,16,16,126,179,93,0,6,1,0,0,5,2,0,0,0,0,0,0,0,0
2015-09,comment,128755,169,265,102,372,663,155,2172,1359,317,6614,2632,4925,1725,1102,2849,539,220,747,1438,2513,6103,18,68,68,8,19,1122,199,8,3,1,0,0,45,43,22
2015-09,title,29237,2,30,8,16,53,8,88,47,94,307,102,629,121,42,605,143,12,36,130,198,112,0,8,2,1,0,13,0,0,0,0,0,0,0,0,0
2015-10,comment,143847,166,297,118,414,600,161,2314,1300,401,6417,2927,6059,1948,1174,2792,450,240,823,1568,2534,6896,30,64,75,16,18,1368,295,20,6,2,1,1,61,44,27
2015-10,title,32060,1,23,12,12,37,6,101,45,70,308,127,730,112,61,581,151,20,22,137,198,98,0,7,1,0,0,18,0,0,0,0,0,0,0,0,2
2015-11,comment,138468,193,312,166,470,650,158,2170,1421,362,6560,2760,4987,1741,1095,2935,575,282,786,1439,2696,6668,45,58,91,14,26,1345,257,21,5,1,0,3,38,41,16
2015-11,title,29211,4,13,19,18,47,8,100,39,69,301,108,606,101,48,562,142,12,24,114,180,114,0,6,2,0,0,29,0,0,0,0,0,0,0,0,0
2015-12,comment,138949,168,285,172,411,841,190,2022,1365,453,6857,2754,5298,1780,1110,2807,548,207,853,1517,2584,6555,37,71,65,11,31,1212,242,18,5,4,0,5,37,47,18
2015-12,title,28199,2,18,15,26,43,4,80,29,73,310,86,573,111,58,482,140,15,32,122,222,129,0,15,1,0,0,7,0,0,0,0,0,0,1,0,0
2016-01,comment,156448,216,461,148,481,851,240,2407,1775,490,8114,3209,5899,2276,1482,3366,615,297,905,1524,3194,7939,29,67,71,12,16,1464,257,23,8,1,0,1,58,30,29
2016-01,title,31188,5,16,6,22,43,8,121,53,84,361,90,534,152,62,628,176,15,24,109,225,116,0,6,1,1,0,17,0,1,0,0,0,0,0,0,1
2016-02,comment,158591,211,357,133,486,868,243,2554,1760,419,8011,3395,6297,2168,1307,3393,646,305,953,1628,3318,7270,36,81,69,8,15,1352,286,12,6,3,1,1,35,48,39
2016-02,title,32229,3,19,10,23,74,6,104,43,86,360,103,703,137,53,628,186,37,49,122,229,101,0,12,3,2,0,10,0,0,0,0,0,0,0,0,0
2016-03,comment,168987,179,362,173,531,967,257,2384,1819,476,9602,3321,6375,2468,1525,3346,623,347,1063,1971,3450,7947,35,54,81,8,29,1511,297,21,9,9,0,0,46,53,44
2016-03,title,32594,2,21,11,18,80,8,108,37,90,410,135,641,164,45,595,210,32,36,137,254,110,0,16,5,0,0,13,0,1,0,0,0,0,0,2,1
2016-04,comment,170950,195,346,163,534,878,201,2496,1809,480,8095,3200,5739,2074,1370,3228,653,342,978,1673,3321,7766,30,88,74,17,22,1447,339,15,7,3,1,3,60,35,55
2016-04,title,31543,1,26,3,34,47,15,114,54,86,347,114,633,118,50,534,187,11,32,123,236,107,0,6,4,2,0,7,0,2,0,0,0,0,0,0,0
2016-05,comment,175416,185,259,131,503,923,236,2644,1894,423,9415,3516,6527,2274,1389,3623,682,319,1118,1994,3488,7990,45,80,101,10,20,1515,314,21,7,1,1,3,68,49,38
2016-05,title,31396,8,10,9,30,68,11,114,48,82,363,99,637,106,61,512,153,22,27,170,260,94,0,9,4,1,0,16,1,0,0,0,0,0,0,0,0
2016-06,comment,171128,179,359,222,516,892,217,2427,1683,421,8096,3189,6435,2167,1358,3413,583,327,1065,1750,3135,7789,41,63,83,20,16,1495,333,22,6,2,0,2,61,40,40
2016-06,title,30301,1,25,5,22,55,9,89,48,76,398,115,564,138,54,543,204,19,17,122,199,115,0,13,3,0,0,5,0,0,2,0,0,0,0,0,2
2016-07,comment,157342,193,306,145,540,977,239,2193,1649,390,8067,3103,6002,1982,1293,3160,582,264,982,1625,2928,7446,40,74,78,9,20,1441,293,25,5,6,0,5,46,49,36
2016-07,title,29137,1,10,6,13,58,5,87,41,67,383,128,608,140,55,458,189,35,23,145,206,118,0,12,2,1,0,18,0,0,0,0,0,0,0,0,0
2016-08,comment,171345,168,359,163,540,865,189,2604,1770,461,8513,3457,6704,2299,1476,3055,627,391,1021,1575,3459,7916,37,76,73,15,20,1579,269,23,8,3,0,3,56,46,33
2016-08,title,31314,1,11,7,25,45,4,104,59,88,398,126,648,133,41,513,209,30,32,141,249,108,0,6,2,0,0,9,0,0,0,0,0,0,0,0,0
2016-09,comment,183080,219,460,208,548,868,226,2665,1831,645,7891,3440,6653,2159,1496,3259,719,304,960,1743,3213,8384,39,89,103,18,21,1605,335,20,6,3,0,5,60,66,32
2016-09,title,30397,0,18,9,20,63,7,112,47,102,326,106,621,131,48,461,227,16,29,139,255,94,0,12,2,0,0,8,0,0,0,0,0,0,0,0,0
2016-10,comment,193682,209,467,146,602,895,289,2954,1916,587,8660,3983,6731,2733,1628,3730,893,373,1078,2108,3876,8691,54,84,115,23,28,1691,382,27,10,4,0,2,64,45,40
2016-10,title,32338,1,29,4,16,55,11,100,45,82,377,94,622,156,66,484,151,25,19,138,201,118,0,10,3,0,0,12,0,1,0,1,0,0,0,1,0
2016-11,comment,200797,246,555,195,631,852,211,3184,1842,523,8886,3791,6976,2486,1733,3749,785,346,1261,1855,3715,9205,63,106,94,28,30,1749,439,26,2,1,0,4,63,54,74
2016-11,title,32740,3,18,6,13,52,13,125,45,91,360,115,700,152,57,575,167,23,21,118,264,134,0,8,4,1,0,10,1,0,0,0,0,0,0,0,2
2016-12,comment,185895,295,460,188,615,854,244,2893,1997,479,9821,3688,7370,2278,1620,3437,730,293,1141,1967,3940,8801,39,98,97,17,29,1595,382,34,13,2,3,3,53,51,62
2016-12,title,32046,0,13,8,22,40,5,110,54,92,421,111,678,125,63,535,163,20,36,134,273,96,0,8,3,0,0,6,0,0,0,0,0,0,0,0,2
2017-01,comment,208542,261,417,198,620,1064,236,3247,2117,631,9673,4171,7370,2698,1834,4307,851,328,1243,2046,4065,9063,61,106,102,19,23,1864,373,24,6,0,0,2,63,74,57
2017-01,title,34097,1,17,8,10,41,10,120,46,107,423,134,713,151,68,639,172,31,24,126,248,102,0,12,4,0,0,18,0,0,1,0,0,0,0,0,0
2017-02,comment,190984,250,422,163,621,1029,207,2891,1727,544,8969,3614,8175,2567,1603,3533,641,406,1045,1998,3786,8650,57,104,84,11,33,1749,386,27,6,5,0,4,77,41,79
2017-02,title,31739,9,10,5,20,72,13,144,57,123,408,119,701,144,61,550,141,22,20,143,263,90,0,12,0,0,0,16,3,2,0,0,0,0,0,1,1
2017-03,comment,212898,246,450,234,674,1020,239,2955,2086,738,10393,4097,7852,2487,1683,4093,811,360,1225,2026,4239,9880,51,98,132,11,33,1770,403,37,14,5,1,2,68,63,67
2017-03,title,36877,3,19,8,20,82,10,157,73,122,457,129,759,166,96,637,188,36,36,224,283,141,0,5,13,0,0,16,0,0,1,1,0,0,0,0,0
2017-04,comment,193289,214,400,188,606,959,275,2761,1870,525,8189,3505,6816,2475,1607,3906,701,345,1001,1831,3775,8951,49,103,84,10,27,1705,370,24,6,9,0,8,60,50,60
2017-04,title,31696,2,15,4,22,49,11,108,71,102,400,118,645,171,64,534,183,34,23,143,258,120,0,8,3,2,0,13,0,0,0,0,0,0,0,0,0
2017-05,comment,189121,203,409,195,604,1074,234,2527,1895,511,9134,3559,7502,2205,1593,4014,817,359,1202,1921,3803,8603,34,83,76,17,27,1653,351,25,7,7,0,3,47,32,49
2017-05,title,32962,7,15,14,25,66,11,92,52,79,445,139,684,158,49,588,199,36,28,144,299,103,0,9,2,0,0,14,0,0,0,2,0,0,0,0,1
2017-06,comment,185670,224,419,206,596,877,205,2726,1838,552,8632,3345,6900,1975,1463,3481,662,276,912,1768,3279,8276,43,97,90,15,23,1570,376,23,3,4,1,0,47,37,66
2017-06,title,31666,2,6,14,18,41,6,79,61,114,332,113,668,147,58,539,200,34,27,137,222,108,0,9,2,1,0,8,1,0,0,0,0,0,0,0,1
2017-07,comment,191017,208,403,154,497,1056,260,2964,1934,474,8742,3669,6853,2165,1550,3791,658,322,1048,1785,3780,9095,37,79,80,12,22,1720,342,26,2,4,2,1,58,60,65
2017-07,title,31354,4,18,9,26,51,7,111,41,101,331,108,647,157,72,506,165,24,28,149,270,120,0,8,11,1,0,8,0,1,0,0,0,0,0,0,1
2017-08,comment,215511,222,469,267,721,825,236,3029,1934,468,9106,3506,7750,2110,1543,3609,686,270,1270,2026,3647,9637,53,119,126,21,44,2052,389,35,7,2,0,4,59,65,60
2017-08,title,32494,1,16,14,20,35,8,157,61,116,393,131,718,110,53,563,115,24,38,152,233,127,0,9,5,1,0,18,0,0,0,0,0,0,0,0,0
2017-09,comment,198922,230,427,195,596,874,220,2766,2113,549,8514,3941,7797,2239,1542,3804,687,285,944,1777,3645,8523,52,71,124,12,17,1750,378,35,7,1,0,1,43,28,57
2017-09,title,31496,2,20,15,26,41,11,99,53,81,360,86,635,136,52,558,118,18,25,130,265,106,0,18,1,1,0,9,0,1,0,0,0,0,0,1,1
2017-10,comment,189488,211,411,179,560,883,224,2704,2007,478,8818,3546,7423,2277,1531,3516,648,306,1058,2118,3637,8612,44,83,113,13,16,1593,337,32,5,1,2,6,59,49,57
2017-10,title,32496,1,23,13,25,56,11,83,61,90,423,116,680,128,73,492,170,28,40,172,268,116,1,9,3,0,0,16,0,0,0,1,0,0,0,0,0
2017-11,comment,192175,236,466,189,651,1306,245,2663,2010,511,8181,4137,7076,2038,1661,3434,693,307,1041,1765,3553,8592,29,84,109,19,24,1787,356,29,4,4,1,3,52,46,43
2017-11,title,30647,4,24,2,22,79,3,73,45,107,412,120,568,128,98,524,122,22,25,134,279,105,0,11,2,0,0,13,0,1,0,0,0,0,0,0,0
2017-12,comment,194144,219,380,141,535,941,193,2469,1764,502,7073,3571,6734,1736,1506,3086,632,267,912,1768,3439,8971,37,93,87,20,24,1826,426,24,4,2,0,3,54,41,55
2017-12,title,28713,2,15,11,20,52,7,78,44,85,370,78,484,104,55,474,126,21,28,98,218,124,0,8,0,0,0,17,0,0,0,0,0,0,0,1,0
2018-01,comment,202235,212,434,170,556,1378,188,2643,1821,645,8197,3760,7354,2317,1886,3171,692,339,1087,1812,3535,9031,36,107,125,22,23,1816,350,29,7,2,0,4,53,39,55
2018-01,title,32600,4,22,7,25,84,4,100,75,115,356,118,581,106,94,533,115,27,33,147,250,103,0,6,9,3,0,11,0,0,0,0,0,0,0,0,1
2018-02,comment,180406,232,359,164,590,969,236,2656,1889,689,7813,3822,7321,2005,1551,3438,565,345,947,1812,3504,8452,55,67,103,14,22,1657,370,42,7,4,1,5,54,33,61
2018-02,title,29201,4,18,6,17,56,7,70,58,131,346,88,585,93,65,455,142,30,32,125,243,90,0,4,2,1,0,14,0,0,1,0,0,0,0,0,4
2018-03,comment,204510,199,349,150,520,871,236,2992,1931,567,7442,4319,10426,2060,1671,3958,750,360,1056,2025,3846,8972,48,96,101,15,39,1751,357,32,17,2,1,1,70,63,76
2018-03,title,32730,4,23,9,17,49,11,112,59,107,361,112,916,127,58,483,148,21,34,100,302,108,0,13,9,0,0,10,1,0,0,1,0,0,0,0,0
2018-04,comment,206013,227,421,142,538,955,224,3356,2251,517,7935,4779,10600,2103,1668,3907,660,306,1061,2127,4151,9596,61,124,131,15,24,1838,399,30,7,5,0,4,53,58,55
2018-04,title,31565,0,19,16,13,37,6,129,61,99,311,150,800,98,81,509,154,24,31,139,246,122,0,12,2,0,0,7,0,0,0,0,0,0,0,0,0
2018-05,comment,205065,186,404,220,570,904,231,3182,2217,544,8051,4645,10539,2115,1607,3930,584,389,1078,1851,3838,9110,68,96,127,21,38,1957,430,22,9,3,0,9,68,65,57
2018-05,title,32515,4,22,11,15,53,13,118,62,102,360,137,721,117,104,518,149,33,43,125,249,141,0,22,3,0,0,5,0,0,3,0,0,0,0,1,1
2018-06,comment,201648,257,440,156,629,839,262,2472,1876,527,8744,3908,8236,2254,1694,3584,678,460,1134,1843,3853,8924,55,88,126,24,36,1953,414,36,13,3,0,2,64,45,64
2018-06,title,30143,1,10,4,14,56,10,78,70,83,321,118,752,101,59,492,146,25,26,104,293,119,0,23,0,1,0,9,0,0,0,0,0,0,0,0,2
2018-07,comment,194865,277,512,197,683,887,211,2836,1912,528,8240,3489,7489,2179,1652,3566,652,370,1063,1929,3809,8724,65,110,125,19,34,1799,392,30,8,3,2,3,62,77,60
2018-07,title,30085,0,22,6,15,63,4,101,56,110,334,110,640,126,87,497,121,26,22,156,263,118,0,14,2,0,0,10,0,2,0,0,0,0,0,1,0
2018-08,comment,199380,158,363,220,572,912,252,2833,1733,478,7655,3669,7370,2071,1579,3590,642,302,1217,1893,3547,8981,55,99,124,19,34,1954,426,38,7,4,2,13,56,53,68
2018-08,title,31363,4,32,9,16,60,15,92,72,109,404,104,684,134,55,461,114,22,37,136,251,131,0,4,4,0,0,19,0,0,0,0,0,0,0,0,0
2018-09,comment,191356,221,373,134,553,904,226,2812,2120,513,8045,4096,7519,1951,1512,3603,566,294,1060,1618,3654,8541,57,92,115,27,22,1875,396,26,9,3,0,2,41,53,72
2018-09,title,28347,2,18,6,9,73,4,100,48,80,349,111,627,123,57,378,129,26,32,133,196,101,0,13,5,0,1,12,0,0,1,0,0,0,0,0,1
2018-10,comment,209099,261,486,170,650,949,233,2766,2052,583,8433,4038,8391,2508,1780,3648,687,348,1119,1830,3791,9343,48,100,122,19,46,2064,411,32,9,1,1,1,64,52,69
2018-10,title,31927,2,16,10,23,67,18,116,65,122,366,112,734,136,58,458,157,21,32,142,263,120,0,10,2,0,0,15,0,0,1,0,0,0,0,0,1
2018-11,comment,193969,194,343,166,564,838,239,2669,1824,550,7867,3722,7595,1937,1594,3636,558,317,1210,1774,3938,8929,45,102,129,16,25,1962,422,28,7,2,0,2,37,63,51
2018-11,title,29593,5,17,6,12,51,9,106,60,99,305,94,621,103,48,379,93,19,19,124,243,104,0,9,5,0,0,17,1,0,0,0,0,0,0,0,1
2018-12,comment,195589,247,471,234,731,888,275,2716,2098,570,8357,4066,7432,1854,1471,3383,693,326,1156,1834,3594,8566,59,81,121,21,27,1816,392,25,7,4,0,1,57,57,59
2018-12,title,28329,2,12,17,13,80,5,82,39,62,332,103,576,100,49,357,147,29,28,144,213,132,0,11,1,1,0,10,1,1,0,0,0,0,0,0,2
2019-01,comment,221091,243,456,259,695,1226,294,2810,2283,557,9365,4353,8730,2512,1771,4597,745,346,1132,2329,4322,10064,58,91,115,11,29,2023,449,35,12,7,0,6,71,78,76
2019-01,title,31144,5,12,4,12,69,8,93,49,69,348,98,657,137,44,442,130,33,35,157,234,121,0,11,7,0,0,15,0,0,0,0,0,0,1,1,0
2019-02,comment,197444,201,425,183,538,874,225,2808,1919,486,8019,4047,7757,2348,1603,4041,594,352,1060,1940,3819,8913,45,78,105,16,40,1926,425,28,8,6,0,5,43,73,60
2019-02,title,28830,2,19,5,16,70,7,81,64,107,381,117,606,97,71,402,122,27,22,130,251,140,0,9,2,1,0,13,0,0,0,0,0,0,0,0,2
2019-03,comment,231371,241,419,225,667,1097,319,2949,2336,609,8829,4469,8684,2517,1917,4458,786,442,1183,2216,4257,10569,48,110,114,27,36,2184,465,28,12,2,1,0,68,100,87
2019-03,title,31130,0,10,6,14,42,14,86,54,108,363,96,646,109,63,392,140,33,28,131,218,109,0,7,4,0,0,10,0,0,1,0,0,0,0,1,3
2019-04,comment,223011,201,365,185,566,851,272,2961,2269,697,8771,4112,8493,2137,1762,3720,820,403,1287,2110,4114,9747,43,89,121,16,55,2004,484,32,12,4,0,6,53,98,87
2019-04,title,30824,3,15,7,13,47,10,83,63,119,374,95,620,111,56,427,162,28,26,121,248,120,1,10,12,1,0,14,0,3,0,0,0,0,0,0,1
2019-05,comment,241406,335,615,264,790,1133,291,3194,2597,574,9755,4995,9684,2364,2268,4256,924,435,1199,2400,4539,11091,72,113,134,10,37,2442,571,25,12,5,2,4,64,109,89
2019-05,title,31387,5,17,4,30,49,8,89,47,100,397,102,683,111,67,405,133,37,29,121,272,115,0,9,1,0,0,16,0,0,0,0,0,0,0,0,0
2019-06,comment,225571,255,494,332,721,941,201,3370,2215,561,8587,4578,8833,2237,1832,4188,860,305,1290,2115,3957,9760,63,99,135,18,25,2239,488,21,18,2,1,12,50,81,86
2019-06,title,29562,4,18,5,11,50,3,94,42,115,315,77,622,108,60,430,120,28,38,111,231,118,0,11,5,2,0,11,0,0,0,0,0,3,0,0,0
2019-07,comment,227546,274,513,267,730,1039,291,3198,2411,630,9378,4490,8674,2727,1956,4093,813,381,1461,1920,4223,9988,75,90,129,14,22,2211,493,27,8,2,2,4,53,113,81
2019-07,title,30901,2,14,15,22,46,11,80,52,112,347,95,784,133,62,385,140,35,35,109,224,127,0,5,7,0,0,9,0,1,0,0,0,0,0,0,0
2019-08,comment,238065,290,623,250,761,961,275,3330,2060,576,8742,4233,8369,2043,1843,4049,689,376,1174,2029,4155,10746,74,95,140,11,23,2366,540,33,6,5,1,7,55,62,97
2019-08,title,31464,1,15,7,25,50,15,92,60,123,348,97,671,95,76,391,118,24,32,140,244,144,0,17,6,0,0,12,1,0,0,0,0,1,0,0,1
2019-09,comment,239801,259,606,252,684,902,241,3150,2386,622,8279,3979,8265,2229,1799,4176,845,413,1097,2388,3950,10164,84,91,126,16,37,2289,481,31,11,5,0,6,66,79,85
2019-09,title,31314,6,23,13,18,54,7,93,63,92,293,97,617,87,57,434,138,25,22,132,217,96,0,12,4,0,0,6,0,0,1,1,0,0,0,1,0
2019-10,comment,261075,298,568,291,704,1122,246,3568,2566,644,9243,4941,9271,2441,2104,5234,854,399,1371,2204,4720,11038,70,128,173,24,39,2569,563,42,8,0,1,1,80,102,102
2019-10,title,33057,3,12,11,19,56,7,102,55,90,393,92,714,93,62,444,120,37,21,114,219,142,0,13,7,1,0,12,2,0,0,0,0,0,0,1,3
2019-11,comment,227029,283,521,339,737,1145,293,3274,2245,677,8734,4409,8958,2541,1953,4107,748,397,1186,2346,4041,10186,78,114,115,22,39,2158,483,26,12,7,0,6,63,86,91
2019-11,title,30692,4,21,16,23,51,4,104,51,104,343,111,658,91,76,405,87,27,25,122,237,114,0,12,2,1,0,8,0,1,0,0,0,0,0,1,0
2019-12,comment,221715,286,500,234,678,1031,302,3158,2168,603,9428,4523,8351,2527,1862,3946,745,335,1316,2068,4379,9868,65,124,110,16,34,1941,474,35,16,7,0,7,59,66,83
2019-12,title,31026,5,12,12,10,57,7,83,43,73,341,101,643,122,69,346,110,19,29,121,222,128,0,7,4,0,0,14,0,0,0,0,0,0,0,2,1
2020-01,comment,246545,262,424,268,683,1188,334,3346,2671,660,10576,4811,10453,2898,2115,4701,951,471,1414,2211,4770,10956,71,94,121,17,28,2387,519,47,13,6,0,5,73,86,96
2020-01,title,34955,5,15,17,15,70,8,91,47,92,381,91,773,108,67,426,140,43,28,139,294,131,0,12,5,0,0,22,0,0,0,0,0,0,0,2,1
2020-02,comment,214585,255,462,226,793,1132,313,2872,2540,579,9383,4457,8758,2663,1795,4560,749,394,1484,2547,4195,9653,65,94,121,18,25,2013,453,35,9,6,3,5,58,81,72
2020-02,title,32175,7,11,9,25,58,9,65,53,109,354,103,736,110,47,590,125,34,31,127,255,120,0,15,3,1,0,10,0,0,0,0,0,0,0,0,1
2020-03,comment,252103,303,536,362,921,1011,271,3137,2209,617,8801,4122,9769,2431,1704,4848,766,531,1347,4157,4099,9813,66,106,182,8,43,2443,434,45,9,2,0,3,57,49,61
2020-03,title,37864,4,12,15,31,60,5,102,48,128,374,83,849,127,42,536,137,44,17,303,233,103,0,6,10,1,0,12,0,0,0,0,0,0,0,0,3
2020-04,comment,255083,322,617,282,839,1127,333,3376,2701,614,10588,4767,10528,3071,1876,5163,955,462,1510,3576,4807,10227,65,96,160,14,39,2451,537,33,18,2,2,1,65,67,76
2020-04,title,38381,0,18,9,20,53,12,119,71,105,415,97,839,121,55,665,144,47,24,260,334,109,0,10,13,0,0,15,0,0,0,0,0,0,0,0,1
2020-05,comment,296279,338,582,254,836,1430,411,4836,3238,911,13218,6588,11236,4097,2262,6788,1091,632,1610,3338,5831,11976,90,141,136,21,42,2692,691,48,22,3,1,3,74,73,93
2020-05,title,40166,7,13,14,22,60,25,116,75,159,565,125,816,156,72,728,186,51,35,187,397,116,0,8,4,1,1,10,0,0,0,0,0,0,0,0,3
2020-06,comment,284442,397,629,265,872,1264,365,4008,3053,824,11277,6199,10592,3238,2303,7691,1090,564,1434,2773,5115,12347,105,139,135,25,47,2595,663,48,6,9,2,7,88,83,115
2020-06,title,37491,2,18,6,14,66,36,101,84,108,522,132,813,134,63,698,118,46,36,161,307,114,0,7,6,0,0,13,1,0,1,0,0,0,0,0,0
2020-07,comment,282668,354,701,310,921,1213,325,3945,2871,750,10097,5232,10658,2799,2292,5734,928,463,1591,3189,5003,12302,114,116,157,43,59,2750,656,62,12,5,1,12,70,88,110
2020-07,title,36877,4,21,8,21,79,17,104,81,142,474,148,882,129,52,566,110,44,31,192,300,139,0,13,2,3,0,12,0,0,1,0,0,0,0,1,2
2020-08,comment,286175,343,577,321,907,1262,294,3642,3121,1045,10743,6162,10721,2841,2259,9442,959,512,1394,2786,5405,12005,88,128,158,25,28,2776,589,42,11,8,0,12,62,96,96
2020-08,title,35011,0,4,10,27,50,18,90,53,146,391,127,681,121,42,608,107,36,35,181,250,122,0,6,6,1,0,15,0,0,1,0,0,0,0,1,2
2020-09,comment,275017,333,534,307,837,1205,359,3579,3079,745,10871,5499,9621,2853,2279,6822,1045,417,1487,2536,5138,11954,73,126,158,34,39,2534,541,41,9,9,0,8,75,91,100
2020-09,title,33309,4,15,14,10,57,12,73,62,129,435,106,696,104,65,600,144,33,31,171,260,130,0,3,4,0,0,16,1,0,0,0,0,0,0,0,1
2020-10,comment,276262,312,494,284,807,1248,352,3679,2937,738,11296,5587,10950,3028,2270,5000,1001,479,1603,2838,5117,12006,102,126,155,26,57,2503,568,55,15,6,1,6,61,107,111
2020-10,title,34307,5,14,14,11,71,13,103,55,115,512,127,741,104,63,488,152,44,29,182,303,104,0,12,3,0,0,14,0,0,0,0,0,0,0,0,0
2020-11,comment,271528,328,616,316,798,1207,313,3270,2832,887,10417,5754,9549,3247,2163,6138,1023,436,1581,2618,5144,11293,96,116,139,28,31,2502,574,49,9,2,1,7,73,85,90
2020-11,title,32718,3,16,8,16,47,9,107,67,132,407,132,694,106,56,505,113,47,50,158,298,109,0,7,4,2,0,15,0,3,0,0,0,0,0,0,1
2020-12,comment,302559,411,703,300,1021,1537,372,3655,2994,1088,10926,5985,10803,3328,2312,5740,1203,531,1601,3015,5560,12467,107,166,186,19,52,2823,749,45,18,4,2,12,67,92,104
2020-12,title,35432,7,19,8,24,56,14,82,64,101,428,100,733,122,53,507,142,35,29,181,260,112,0,9,8,1,0,15,0,0,0,0,0,0,0,0,1
2021-01,comment,348294,345,572,284,955,1457,370,4946,3489,1016,11950,6929,11829,4193,2572,8375,1158,542,1631,2789,6212,14028,120,151,188,46,86,3469,823,64,19,3,1,9,93,98,135
2021-01,title,36572,9,28,12,20,51,20,121,65,98,443,126,710,113,51,533,97,42,45,152,326,151,0,6,4,0,0,13,0,0,0,0,0,0,0,0,1
2021-02,comment,280969,349,576,308,894,1238,306,3597,3049,898,11057,5715,10359,2967,2164,5975,911,490,1624,2590,5448,12160,88,135,130,25,61,2862,676,44,21,2,0,13,100,99,100
2021-02,title,33092,6,13,11,18,58,9,107,62,154,450,102,677,105,52,452,113,26,25,119,238,110,0,6,8,1,0,11,0,0,1,0,0,0,0,0,1
2021-03,comment,320593,397,746,712,1755,1487,406,4379,3473,1027,12976,6218,11515,3247,2546,5973,1045,629,1681,2856,6189,14033,87,159,164,38,40,3330,726,44,18,7,1,12,83,112,143
2021-03,title,35772,5,20,21,108,50,9,126,74,155,444,122,768,138,59,492,96,26,24,156,296,122,0,5,2,0,1,14,0,0,0,0,0,0,0,1,0
2021-04,comment,312496,345,598,368,1141,1467,477,4250,3374,757,12629,5835,11072,3341,2551,7061,1013,632,1682,2998,6169,13142,104,124,161,32,43,3016,734,42,7,2,1,14,61,81,116
2021-04,title,33514,8,25,15,33,53,12,100,85,96,433,118,707,124,50,506,103,35,34,140,273,120,0,4,2,0,0,18,2,0,0,0,0,0,0,1,0
2021-05,comment,314629,382,823,411,1024,1403,374,3830,3267,884,11357,5740,11227,2945,2456,6767,1038,491,1506,2920,5552,13022,94,138,189,29,42,3043,705,57,13,3,1,10,83,107,146
2021-05,title,33296,5,9,12,29,38,24,90,57,111,408,102,656,98,63,502,112,31,41,134,263,113,0,8,1,1,0,17,0,0,0,0,0,0,0,0,1
2021-06,comment,313157,324,564,404,1012,1497,315,3930,3080,796,12460,5977,11749,2901,2668,6213,1026,490,1663,3122,5498,13353,98,152,191,25,50,3163,737,51,17,14,4,8,77,103,156
2021-06,title,32100,4,19,16,31,65,10,98,78,126,459,101,672,85,58,485,87,24,39,137,269,107,0,10,8,1,0,13,0,0,0,0,0,0,0,1,5
2021-07,comment,297142,308,539,293,902,1339,333,3329,2818,1081,12509,5378,10906,2761,2554,5144,1014,533,1562,2854,5513,13225,90,130,174,19,47,3046,670,44,22,6,0,8,88,105,135
2021-07,title,30143,8,18,8,34,51,9,81,62,107,418,83,631,88,65,415,93,30,43,165,242,115,0,10,1,0,0,11,1,1,0,0,0,0,0,1,0
2021-08,comment,321511,357,649,377,1091,1295,359,3604,3503,907,11165,6702,12428,3246,2454,6674,1089,489,1710,2871,5859,14316,103,161,214,22,51,3077,696,45,21,2,4,5,78,116,156
2021-08,title,30777,3,20,11,24,51,13,77,41,117,362,88,610,91,61,426,104,20,25,84,225,112,0,11,3,0,1,10,1,0,0,0,0,0,0,0,0
2021-09,comment,307071,323,579,353,977,1268,319,3680,3204,806,10828,5868,11020,3358,2355,6236,1002,507,1633,3093,5751,12760,97,173,204,31,58,3032,731,45,19,6,1,5,78,121,147
2021-09,title,30321,2,17,16,21,36,9,102,58,100,443,85,556,110,58,476,131,31,32,131,212,118,0,7,6,1,0,9,3,0,0,0,0,0,0,0,5
2021-10,comment,317572,379,737,497,1157,1349,359,3798,2994,912,11985,5885,11063,3124,2506,5596,1001,532,1776,2707,5936,13515,107,187,186,24,84,3224,753,46,18,8,0,14,69,136,117
2021-10,title,31061,3,19,12,28,63,12,83,74,114,373,86,574,119,72,383,125,30,39,128,250,115,0,12,7,3,0,19,0,0,1,0,0,0,0,1,1
2021-11,comment,307181,364,662,386,995,1272,403,3627,3297,931,12787,6031,10584,3527,2637,5313,991,595,1690,2948,6468,13023,109,147,199,36,49,3165,742,47,27,0,1,8,67,110,115
2021-11,title,29997,4,19,15,25,42,11,73,55,121,393,96,565,97,67,406,94,30,35,137,244,101,0,10,4,0,0,6,0,1,0,0,0,0,0,0,2
2021-12,comment,324592,354,623,321,955,1565,410,4156,3395,902,13517,5861,11566,3733,2790,5725,1115,687,1931,3484,6232,13861,106,165,210,39,50,3449,765,65,17,5,1,5,76,134,142
2021-12,title,30140,3,16,7,17,51,5,72,60,104,373,74,547,75,52,327,130,29,38,119,199,105,1,11,2,0,0,5,0,0,1,1,0,1,0,1,0
2022-01,comment,368196,428,685,346,1048,1735,481,4696,3857,1001,15413,7059,12908,4293,3154,6665,1207,664,1906,4191,6584,15661,115,185,262,22,47,3759,830,46,18,2,2,20,99,135,132
2022-01,title,34327,5,12,9,24,76,11,61,85,83,323,91,410,78,56,334,81,19,26,119,181,114,0,13,7,1,0,17,0,0,0,0,0,0,0,1,2
2022-02,comment,319696,344,559,326,908,1424,299,4362,3247,1039,11355,6238,10680,3292,2424,6929,1003,541,1696,2660,5810,12613,106,141,166,18,63,3298,726,62,15,5,0,7,75,100,123
2022-02,title,30211,4,11,4,29,49,5,70,53,66,284,71,412,65,49,304,78,18,27,85,149,86,0,10,6,0,0,8,1,1,0,0,0,0,0,1,1
2022-03,comment,332934,365,669,369,999,1445,371,3767,3275,1052,12302,6158,10245,3346,2547,6014,1036,626,1692,3468,6505,13337,133,156,182,26,49,3555,826,34,24,3,1,14,86,108,135
2022-03,title,33514,1,12,8,37,46,9,80,52,114,388,87,482,66,39,281,103,21,25,97,184,115,0,13,7,2,0,8,0,0,1,0,0,0,0,0,1
2022-04,comment,316979,339,673,393,1056,1227,353,4053,3239,864,11885,5735,10037,3494,2557,5049,949,559,1826,2915,6161,13381,111,142,186,22,60,3259,818,56,28,4,4,14,76,79,139
2022-04,title,29678,0,11,8,17,28,3,62,43,72,322,77,406,73,41,263,98,17,18,96,181,81,0,9,5,0,0,6,1,0,0,0,0,0,0,0,0
2022-05,comment,323988,345,622,403,1091,1281,405,3655,3292,761,12742,5759,10523,3609,2571,5968,932,623,1641,2941,5959,13589,93,146,229,35,50,3153,815,56,25,3,2,10,74,116,125
2022-05,title,31546,2,15,16,19,35,5,57,42,52,318,76,470,82,48,262,105,19,27,75,185,135,0,11,3,1,0,12,0,0,0,1,0,0,0,0,0
2022-06,comment,332279,384,693,377,1091,1296,428,3694,3411,768,13690,5679,10871,3156,2456,5768,1024,686,1602,2984,6220,13705,123,160,206,34,58,3242,767,43,21,2,0,7,76,128,113
2022-06,title,31542,3,25,8,36,38,10,59,53,94,282,74,498,82,47,253,81,16,23,90,188,96,0,11,5,0,1,7,1,0,1,0,0,0,0,0,0
2022-07,comment,328822,407,720,378,1003,1206,336,3661,3233,779,11593,5777,11253,3221,2487,5826,1002,569,1700,2484,6399,13323,126,140,201,26,60,3203,736,55,16,4,2,7,68,113,130
2022-07,title,30835,2,23,11,13,34,8,61,41,55,284,57,494,86,53,246,88,18,19,90,182,115,0,10,1,0,0,24,1,0,0,0,0,0,0,0,1
2022-08,comment,337649,429,726,398,1092,1258,415,3995,3460,1001,12910,6115,10974,3342,2677,6379,1075,640,1863,3227,6822,13959,117,156,198,33,47,3317,751,37,23,7,1,15,87,146,137
2022-08,title,32052,0,15,13,21,51,7,58,59,126,326,59,538,106,51,250,98,16,29,100,199,120,0,15,3,0,0,19,0,0,0,0,0,0,0,1,3
2022-09,comment,340908,395,702,350,1096,1349,414,4364,3481,949,13021,6369,10873,3443,2665,6347,1159,555,1854,2908,6449,13198,113,172,182,44,48,3439,737,49,19,8,1,15,73,125,102
2022-09,title,31297,2,10,7,16,41,10,72,33,91,268,80,465,93,58,253,83,23,22,112,185,96,0,8,8,0,0,5,1,0,0,0,0,0,0,1,1
2022-10,comment,340713,405,600,425,1072,1364,454,3844,3379,893,13650,6142,10429,3690,2704,6688,1232,557,1870,3057,6027,13406,113,190,196,20,57,3299,783,47,25,2,0,15,88,137,121
2022-10,title,32010,4,15,7,21,29,6,59,42,86,322,80,456,84,51,298,92,13,30,91,186,113,0,12,6,0,0,9,0,0,0,0,0,0,0,0,1
2022-11,comment,360777,386,696,290,1074,1496,441,4129,3811,995,15242,6570,11212,3964,2740,6453,997,483,2004,3092,6215,14006,121,187,213,34,48,3681,851,51,11,3,3,18,73,117,122
2022-11,title,33755,1,13,3,11,55,9,83,46,103,349,107,508,100,64,293,107,36,23,102,165,109,0,14,7,0,0,10,1,0,1,0,0,2,0,0,0
2022-12,comment,358379,396,755,345,1070,1326,382,4015,3275,894,13521,6401,11361,3623,2613,6463,1332,496,1771,3041,6228,14143,120,197,203,35,64,3528,858,50,23,5,4,13,68,144,128
2022-12,title,32725,4,19,2,29,50,12,57,79,65,386,100,424,85,42,309,136,22,24,101,186,96,0,15,7,1,0,16,1,0,2,0,0,0,0,1,1
2023-01,comment,366306,438,752,316,1131,1361,493,4069,3408,887,15831,6302,12232,3693,2749,6611,1256,615,2114,3380,7229,14553,142,187,252,26,53,3450,822,56,22,3,0,12,81,165,120
2023-01,title,34876,6,20,5,13,47,10,78,52,102,354,97,472,101,32,310,81,24,32,83,175,104,1,17,5,2,0,17,1,0,0,0,0,0,0,2,1
2023-02,comment,340439,384,680,403,1161,1434,449,3667,3200,958,13815,5918,11470,3424,2646,5551,1259,631,1828,3279,6403,13059,105,171,196,26,51,3277,777,64,13,6,0,18,80,126,156
2023-02,title,31302,2,10,5,24,36,8,60,50,92,309,71,449,99,36,284,72,23,36,97,199,126,0,3,6,2,0,11,2,0,0,0,0,1,0,3,2
2023-03,comment,371943,384,600,278,973,1316,442,3655,3090,976,15226,6184,12673,3158,2582,5986,1344,647,1952,3578,6581,14712,118,189,191,25,58,3549,831,70,13,6,2,11,81,147,146
2023-03,title,35860,3,14,13,20,52,12,85,51,94,441,87,538,89,43,330,94,30,20,120,202,114,0,12,5,0,0,8,1,0,0,0,0,0,0,0,1
2023-04,comment,338105,365,626,389,1035,1182,402,3712,2859,1526,12404,6026,12163,3005,2421,5804,1269,512,1542,3201,6002,13370,126,153,188,24,54,3188,769,51,18,3,0,17,66,129,113
2023-04,title,33199,4,11,14,19,40,12,58,53,118,355,95,464,78,47,301,130,24,30,123,175,125,0,7,1,0,0,10,1,1,0,0,0,0,0,0,0
2023-05,comment,343120,357,632,239,900,1159,381,3710,3052,989,13139,6339,11833,3262,2427,5655,1402,501,1773,2911,6029,13103,122,158,194,24,43,3216,855,69,15,3,0,26,55,101,151
2023-05,title,34329,2,9,5,11,52,7,64,55,102,367,94,528,113,46,313,106,19,27,107,210,126,0,9,3,2,0,14,0,0,1,0,0,0,0,0,1
2023-06,comment,354653,429,704,351,1253,1220,448,5266,3434,1004,13177,8139,11939,3840,2393,7931,1369,592,1937,3151,6377,13628,142,186,230,34,61,3503,773,74,25,1,2,14,84,167,134
2023-06,title,32773,1,17,8,18,38,5,68,72,75,368,118,490,92,51,301,87,28,26,116,207,93,0,8,2,0,0,14,0,0,0,0,0,1,0,0,2
2023-07,comment,371869,416,665,379,1075,1432,465,4921,3794,1164,14978,7511,13045,3924,2749,7224,1387,570,2084,3240,6512,14250,132,161,203,19,62,3527,863,53,22,3,0,42,64,137,128
2023-07,title,33461,3,13,7,22,39,9,64,47,116,388,129,484,110,42,350,117,30,21,87,209,133,0,20,6,2,0,15,0,2,0,0,0,0,0,1,3
2023-08,comment,359386,401,676,370,1030,1359,461,4195,3468,958,15034,6821,12741,3624,2804,5829,1207,568,2205,3037,6488,14208,95,179,200,28,58,3494,786,57,30,11,1,23,77,145,131
2023-08,title,34217,4,13,10,28,45,12,71,88,85,359,108,475,105,49,271,118,22,30,110,203,112,0,9,7,0,0,14,0,0,0,0,0,0,0,1,2
2023-09,comment,341905,454,750,379,1100,1540,390,3597,3628,964,13414,6538,12084,3485,2666,6571,1439,589,1693,2732,6029,12994,94,176,193,34,61,3230,719,44,14,2,1,20,52,109,124
2023-09,title,33266,6,7,15,24,32,12,84,73,87,334,89,488,92,48,272,106,28,31,111,204,112,0,15,6,0,0,17,0,0,0,0,0,1,0,0,1
2023-10,comment,337626,384,655,281,914,1365,309,3576,3336,1032,12208,5888,11645,3399,2697,5723,1161,549,1859,2983,5679,12876,108,173,209,37,44,3301,767,54,23,5,0,20,61,142,119
2023-10,title,33264,6,11,5,20,70,3,76,71,64,339,111,514,93,58,307,110,18,14,113,222,85,0,11,2,0,0,11,0,0,1,0,0,2,0,0,4
2023-11,comment,344756,411,705,389,1174,1434,378,3170,3209,1215,12806,5921,10972,2810,2616,5747,1240,525,1804,2985,6290,12518,114,166,201,23,49,3145,849,47,18,3,1,20,75,137,112
2023-11,title,32363,1,9,10,28,49,6,65,58,84,307,70,493,75,56,310,108,20,35,87,207,95,0,5,2,0,0,13,1,0,0,0,0,2,0,1,0
2023-12,comment,315813,389,737,435,1072,1413,404,3358,3372,858,12780,6193,11160,3299,2382,6421,1328,489,1616,3061,6068,11873,100,128,155,26,42,2911,698,41,35,5,0,29,48,122,96
2023-12,title,30986,3,15,10,36,37,9,64,68,73,340,81,470,75,65,278,90,24,26,107,191,105,0,2,3,1,0,13,2,1,0,0,0,0,0,0,1
2024-01,comment,346509,465,857,610,1168,1425,433,3583,3353,1050,12820,6157,11288,3131,2675,8128,1245,449,1953,2891,6248,12788,92,154,214,26,56,3360,778,44,29,2,0,28,76,126,101
2024-01,title,36093,3,24,16,25,41,13,82,62,90,374,79,495,78,36,374,81,18,34,91,236,114,1,2,6,0,0,13,2,0,0,0,0,0,0,1,1
2024-02,comment,311873,399,706,312,1008,1287,410,3389,3148,922,12069,5736,10869,2958,2491,6618,1230,565,1748,3003,5833,12328,88,152,195,24,49,3080,707,40,20,11,1,18,68,117,109
2024-02,title,33639,1,16,3,25,36,7,67,47,75,351,88,521,117,44,322,75,21,45,106,204,120,0,7,3,2,0,12,0,0,0,0,0,1,0,0,3
2024-03,comment,298482,299,549,457,1202,1166,416,3141,2858,1002,12105,5621,10958,2848,2245,6583,1028,503,1608,2764,6029,11300,96,114,156,19,39,2742,625,48,17,8,0,26,62,124,113
2024-03,title,33740,7,12,18,41,50,7,59,50,92,324,91,547,89,55,343,81,20,28,107,184,166,0,2,0,1,0,18,0,0,0,0,0,1,0,0,4
2024-04,comment,295067,321,529,330,924,1102,390,2960,2652,832,11378,4893,9876,2907,2168,5055,1049,471,1724,2580,5657,10817,94,146,162,34,53,2664,624,42,26,10,0,15,59,124,121
2024-04,title,33332,1,11,14,20,31,4,70,48,67,344,79,512,98,43,354,98,17,38,103,177,139,0,1,3,0,0,4,2,0,0,0,0,0,0,0,2
2024-05,comment,289235,339,479,331,912,1206,379,2787,3129,1022,10917,5269,10416,2528,2146,5039,1105,428,1760,2414,5346,10822,88,137,180,22,52,2530,691,49,11,11,2,14,56,129,109
2024-05,title,34216,2,3,6,32,66,8,64,56,106,337,99,525,108,53,365,94,10,29,109,215,108,0,6,5,1,0,8,3,0,0,0,0,2,0,0,3
2024-06,comment,268716,327,522,295,937,1170,344,2483,3058,1062,10720,4992,10002,2800,2027,4928,936,459,1638,2617,5104,10771,94,154,176,20,43,2548,627,50,21,4,0,16,65,99,97
2024-06,title,31118,1,15,8,27,51,1,49,78,90,287,91,463,90,45,316,82,11,20,108,189,99,0,2,6,0,0,12,0,1,1,0,0,0,0,2,3
2024-07,comment,251907,357,483,236,756,1261,377,2598,2648,828,11545,4759,9778,2616,2073,4379,859,483,1466,2520,4832,9978,72,118,143,30,36,2315,567,28,32,13,1,18,54,123,101
2024-07,title,31341,2,6,7,15,40,3,61,67,90,305,94,521,94,49,319,83,14,31,105,191,111,0,4,7,0,1,6,0,0,1,0,0,0,0,1,0
2024-08,comment,255236,310,453,246,858,1197,339,2855,2922,1019,11494,5060,9516,2907,2185,5765,917,507,1583,2505,4824,9860,92,107,153,27,34,2378,595,39,20,13,0,19,69,121,83
2024-08,title,32820,3,22,4,22,49,14,65,47,104,293,71,475,81,53,385,78,22,31,114,212,88,0,1,2,2,0,8,1,0,0,0,0,0,0,0,4
2024-09,comment,257979,328,526,404,1008,1115,334,2688,2817,822,11225,4865,9183,2860,2015,4528,891,487,1509,2357,5000,9630,91,117,139,24,36,2357,592,29,17,4,0,21,56,115,95
2024-09,title,32250,0,8,15,33,42,8,61,49,84,331,69,494,94,38,338,87,36,25,101,180,115,1,6,4,0,0,10,0,0,1,1,0,0,0,1,1
2024-10,comment,273981,283,517,284,817,1196,388,2967,2741,946,12847,4894,9409,3035,2076,5134,954,444,1666,2737,5064,10412,80,129,145,33,57,2511,716,42,12,4,0,24,63,89,71
2024-10,title,35359,2,13,6,17,38,17,80,42,64,321,74,480,110,36,344,94,24,18,91,157,89,0,1,4,1,0,7,0,0,0,0,0,0,0,2,3
2024-11,comment,242531,296,431,334,895,954,393,2264,2366,859,9996,3965,8382,2180,1906,4133,705,499,1573,2272,4317,9052,75,135,151,21,31,2208,654,53,14,3,1,11,72,88,89
2024-11,title,29612,2,10,5,26,35,7,64,52,84,353,63,412,101,43,313,79,21,29,102,193,96,0,1,1,0,0,11,1,0,0,0,0,0,0,0,1
2024-12,comment,248346,274,429,244,809,921,322,2449,2398,615,11003,4110,8557,2227,1802,4088,911,376,1740,2416,4365,9398,95,136,146,26,38,2349,615,37,16,4,0,17,73,97,94
2024-12,title,29415,1,4,8,16,42,5,64,55,64,343,48,441,94,31,289,101,22,34,115,212,98,1,3,5,0,0,11,0,0,1,0,0,0,0,0,4
2025-01,comment,298491,287,515,273,890,1216,400,3295,2751,989,11783,5229,10092,2566,2309,5892,1062,427,1557,2779,5616,10727,100,183,164,23,45,2709,750,51,29,3,0,20,52,91,153
2025-01,title,32574,2,13,15,34,50,8,71,42,84,352,67,506,98,35,384,90,20,35,120,217,90,0,3,2,1,0,9,0,0,0,0,0,0,0,1,1
2025-02,comment,289936,259,563,345,938,1191,383,2729,2670,801,12712,4509,10242,2488,2373,5081,956,387,1553,2637,5054,10378,123,157,163,26,47,2649,801,55,17,4,0,30,58,114,122
2025-02,title,29616,2,10,5,20,39,17,65,53,75,381,56,461,82,30,318,58,17,25,85,196,81,0,4,4,1,0,15,1,0,0,0,0,0,0,1,0
2025-03,comment,294924,354,536,353,906,1311,448,2712,2797,860,12593,5101,10007,3018,2360,5263,1029,445,1712,2616,5533,10494,110,185,165,24,53,2683,846,47,20,5,1,22,66,101,133
2025-03,title,32722,5,8,6,25,37,6,60,46,87,436,69,475,168,68,373,99,20,27,113,208,106,0,6,6,0,0,17,1,0,1,1,0,0,0,0,0
2025-04,comment,278405,365,685,311,883,1013,338,2734,2674,671,12617,4647,9012,2793,1990,4949,963,390,1640,2454,5198,10077,109,180,168,14,48,2809,860,45,15,2,1,28,83,89,111
2025-04,title,32269,2,14,11,24,33,17,64,40,87,403,70,426,185,50,343,113,26,32,110,177,100,0,7,1,1,1,19,1,1,0,0,0,0,0,2,1
2025-05,comment,262229,304,550,314,929,1243,423,2709,2899,771,14029,5139,9362,2911,2160,5777,951,411,1703,2518,5079,10140,101,181,123,24,42,2428,761,57,15,3,0,26,72,110,115
2025-05,title,33303,8,10,15,37,45,9,79,43,84,471,84,454,166,49,440,74,17,23,104,268,112,0,11,6,0,0,13,0,1,1,1,0,1,0,0,0
2025-06,comment,249879,323,468,242,806,1146,421,2234,2357,892,12708,5040,8768,2642,1953,5520,864,470,1811,2453,5072,9701,87,155,140,16,35,2419,739,54,19,4,0,20,90,123,104
2025-06,title,31529,5,11,8,27,25,16,77,37,104,458,80,486,190,38,387,80,19,38,101,210,84,0,5,5,0,0,15,1,0,0,0,0,0,0,1,1
2025-07,comment,288628,362,534,238,920,1401,461,3053,3101,767,15434,5873,10866,3217,2438,5895,922,445,1748,2939,5575,11182,104,193,186,25,44,2933,902,45,32,4,1,34,140,155,145
2025-07,title,33664,10,15,8,24,46,9,70,50,85,552,96,515,156,54,433,81,22,23,111,230,98,0,7,2,2,0,14,1,0,1,0,0,0,2,1,2
2025-08,comment,304032,367,606,271,946,1321,417,3457,3173,831,16475,6387,11389,3444,2660,6047,1012,513,1847,3205,6080,11969,103,200,136,24,45,2860,889,73,30,4,0,30,193,185,174
2025-08,title,32528,4,17,8,25,47,12,78,48,97,587,85,500,130,48,355,69,27,24,88,262,106,0,10,8,1,0,15,0,0,0,0,0,1,2,0,3
2025-09,comment,311317,396,605,288,982,1349,491,3056,3421,821,14478,5824,10310,3078,2407,6363,1076,438,1608,2778,5834,11747,117,181,168,37,61,2993,995,49,30,8,0,26,175,144,146
2025-09,title,33213,2,14,10,23,32,24,57,69,84,478,82,444,149,51,345,82,23,26,94,214,94,0,8,4,0,0,7,0,0,0,0,0,0,2,0,0
2025-10,comment,310773,402,572,288,1012,1384,473,3128,3203,892,14641,6091,11574,3707,2640,6544,1072,580,1662,3068,6032,11804,89,200,175,24,48,3006,963,75,35,5,2,45,163,176,151
2025-10,title,34426,5,13,6,21,57,9,61,42,63,498,71,522,127,61,352,106,25,26,120,227,127,0,2,2,1,0,14,1,0,1,0,0,0,0,1,2
2025-11,comment,290451,387,549,390,1067,1721,409,2979,3184,859,14133,5836,10632,3047,2812,5525,1151,514,2024,2762,5672,11605,109,219,152,25,52,2981,976,68,29,11,0,29,164,195,160
2025-11,title,33248,2,8,9,31,38,10,62,61,87,476,60,520,98,74,311,90,23,38,97,201,110,0,7,8,1,0,18,3,0,0,0,0,2,0,1,2
2025-12,comment,312199,435,682,337,1174,1452,537,3072,3223,792,17356,6037,11096,3543,2763,5866,1223,561,2083,3262,6181,12176,114,249,152,20,54,3280,1135,79,44,11,2,29,185,252,147
2025-12,title,35331,10,12,8,33,46,22,68,45,55,708,82,529,142,96,430,104,29,43,113,199,113,0,8,5,1,0,15,1,1,2,0,0,0,2,1,3
2026-01,comment,351195,563,782,379,1188,1743,563,3880,3608,919,19497,6879,11883,3331,3231,7224,1173,570,1947,3414,6866,13307,129,279,156,27,75,3472,1438,103,52,7,1,41,229,285,228
2026-01,title,40935,21,18,8,38,56,18,99,56,95,1052,79,607,191,68,491,95,23,23,130,227,149,0,4,7,2,0,18,0,0,2,2,0,0,0,3,0
2026-02,comment,317004,525,753,295,1153,1503,466,3298,3096,1065,19291,6178,11461,3443,2876,6536,1152,700,1761,3464,7247,12204,114,283,125,36,46,3288,1423,122,54,12,0,44,155,342,196
2026-02,title,42649,15,24,11,43,48,18,106,51,88,1171,108,571,220,98,518,80,66,26,157,274,169,1,7,4,0,0,38,0,3,1,0,0,0,0,3,0
2026-03,comment,343549,620,911,583,1471,1708,465,3291,3589,1137,21084,6856,12346,3449,3303,6677,1167,678,1851,3723,7399,13798,131,295,185,27,51,3696,1606,147,99,24,1,62,206,375,250
2026-03,title,48066,14,45,23,44,60,15,103,57,101,1237,92,691,213,87,534,104,52,32,147,282,176,0,5,2,0,0,51,2,1,4,0,0,1,1,4,3
2026-04,comment,331556,548,781,590,1384,1772,420,3264,2925,1169,17616,6242,11028,3223,2946,6598,1247,635,1516,3138,6599,11557,96,260,164,24,46,3219,1330,107,47,10,4,52,153,259,225
2026-04,title,43021,12,19,22,37,71,14,84,50,78,1042,82,536,190,89,428,98,32,36,107,237,167,0,12,3,0,0,43,0,1,1,0,0,2,0,4,2
2026-05,comment,338816,547,882,425,1395,1685,398,3237,2920,946,18468,5725,11182,2857,2979,5073,1148,517,1767,3299,6478,12020,125,273,158,29,43,3427,1276,93,48,20,1,94,136,206,230
2026-05,title,41882,18,18,20,48,72,10,69,39,76,813,84,593,165,76,404,97,25,33,123,225,165,0,23,7,1,0,45,1,1,2,0,0,0,0,4,2
2026-06,comment,345905,524,722,409,1198,1510,396,2988,2917,1123,15673,5618,12362,2928,2920,5554,1252,482,1365,3157,6893,12016,109,268,175,26,44,3369,1389,106,72,14,2,83,108,142,227
2026-06,title,43573,17,31,24,43,63,12,85,50,86,776,93,655,158,79,405,97,28,29,112,290,152,0,11,8,0,0,41,8,1,3,0,0,1,0,4,1
2026-07,comment,343308,494,694,363,1109,1510,348,3453,3098,1009,16755,5717,12011,3017,2720,6076,1374,440,1453,3325,6655,11846,146,250,187,37,43,3309,1380,100,71,21,1,228,117,181,225
2026-07,title,45552,13,21,17,29,71,8,75,52,102,843,81,665,207,68,438,64,25,24,156,298,138,0,14,4,0,0,30,2,2,8,1,0,5,0,2,1
2026-08,comment,235150,375,562,251,804,1081,229,2171,2032,544,11341,3945,8369,1861,1907,4585,862,330,1036,2390,4643,8211,105,171,112,21,32,2285,883,54,44,11,1,239,84,149,160
2026-08,title,30191,13,17,11,35,44,6,54,35,55,514,54,433,116,49,258,64,16,17,99,193,83,0,8,4,1,0,34,1,0,0,0,0,0,1,0,2
